-- ========================================
-- SQL Forge - 基础数据脚本
-- 合并自: V1.1__data.sql, V1.3__data.sql, V1.4__data.sql, V1.9__auth_seed.sql, V1.10__navigation_seed.sql, V1.11__role_seed.sql
-- ========================================

-- ========================================
-- 字典数据
-- ========================================

INSERT INTO sys_dicts (id, dict_code, dict_name)
VALUES ('1', 'sex', '性别'),
       ('2', 'categories', '商品分类'),
       ('3', 'order_status', '订单状态'),
       ('4', 'pay_method', '支付方式'),
       ('5', 'pay_status', '支付状态'),
       ('6', 'logistics_status', '物流状态'),
       ('7', 'review_rating', '评价星级');

INSERT INTO sys_dict_items (id, dict_code, item_code, item_name, sort)
VALUES ('1-1', 'sex', 'male', '男', 1),
       ('1-2', 'sex', 'female', '女', 2),
       ('2-1', 'categories', 'electronic', '电子产品', 1),
       ('2-2', 'categories', 'clothing', '服装', 2),
       ('2-3', 'categories', 'book', '图书', 3),
       ('2-4', 'categories', 'household', '家居用品', 4),
       ('2-5', 'categories', 'food', '食品', 5),
       ('3-1', 'order_status', 'pending', '进行中', 5),
       ('3-2', 'order_status', 'completed', '已完成', 5),
       ('3-3', 'order_status', 'cancelled', '已取消', 5),
       ('4-1', 'pay_method', 'alipay', '支付宝', 1),
       ('4-2', 'pay_method', 'wechat', '微信支付', 2),
       ('4-3', 'pay_method', 'bank_card', '银行卡', 3),
       ('5-1', 'pay_status', 'unpaid', '未支付', 1),
       ('5-2', 'pay_status', 'paid', '已支付', 2),
       ('5-3', 'pay_status', 'refunded', '已退款', 3),
       ('6-1', 'logistics_status', 'pending', '待发货', 1),
       ('6-2', 'logistics_status', 'shipped', '已发货', 2),
       ('6-3', 'logistics_status', 'in_transit', '运输中', 3),
       ('6-4', 'logistics_status', 'received', '已签收', 4),
       ('7-1', 'review_rating', '1', '1星', 1),
       ('7-2', 'review_rating', '2', '2星', 2),
       ('7-3', 'review_rating', '3', '3星', 3),
       ('7-4', 'review_rating', '4', '4星', 4),
       ('7-5', 'review_rating', '5', '5星', 5);

-- ========================================
-- 用户数据
-- ========================================

INSERT INTO users (id, username, password, enabled, category)
VALUES ('1', 'alice', '123456', TRUE, 'user'),
       ('2', 'bob', '123456', TRUE, 'user'),
       ('3', 'charlie', '123456', TRUE, 'user'),
       ('4', 'david', '123456', TRUE, 'user'),
       ('5', 'eve', '123456', TRUE, 'user'),
       ('6', 'frank', '123456', TRUE, 'user'),
       ('7', 'grace', '123456', TRUE, 'user'),
       ('8', 'henry', '123456', TRUE, 'user'),
       ('9', 'iris', '123456', TRUE, 'user'),
       ('10', 'jack', '123456', TRUE, 'user');

-- ========================================
-- 商品数据
-- ========================================

INSERT INTO products (id, name, dict_categories, price)
VALUES ('1', '笔记本电脑', 'electronic', 3250.00),
       ('2', '鼠标', 'electronic', 25.50),
       ('3', '键盘', 'electronic', 75.00),
       ('4', '毛选', 'book', 21.25),
       ('5', '工装', 'clothing', 200.00),
       ('6', '机械键盘', 'electronic', 299.00),
       ('7', '显示器', 'electronic', 1299.00),
       ('8', 'USB集线器', 'electronic', 45.00),
       ('9', '红楼梦', 'book', 35.00),
       ('10', '三国演义', 'book', 32.50),
       ('11', '唐诗三百首', 'book', 28.00),
       ('12', '冬季外套', 'clothing', 450.00),
       ('13', '运动鞋', 'clothing', 320.00),
       ('14', '台灯', 'household', 89.00),
       ('15', '保温杯', 'household', 55.00);

-- ========================================
-- 订单数据
-- ========================================

INSERT INTO orders (id, user_id, order_date, total_amount, dict_order_status)
VALUES ('1', '1', '2026-05-01', 6551.00, 'pending'),
       ('2', '1', '2026-05-02', 1500.00, 'completed'),
       ('3', '2', '2026-05-03', 108.75, 'completed'),
       ('4', '3', '2026-05-04', 350.25, 'completed'),
       ('5', '3', '2026-05-05', 350.25, 'cancelled'),
       ('6', '4', '2026-05-06', 299.00, 'completed'),
       ('7', '4', '2026-05-07', 1344.00, 'pending'),
       ('8', '5', '2026-05-08', 75.00, 'completed'),
       ('9', '5', '2026-05-09', 650.00, 'completed'),
       ('10', '6', '2026-05-10', 650.00, 'pending'),
       ('11', '7', '2026-05-11', 89.00, 'completed'),
       ('12', '7', '2026-05-12', 45.00, 'cancelled'),
       ('13', '8', '2026-05-13', 3250.00, 'completed'),
       ('14', '9', '2026-05-14', 732.25, 'pending'),
       ('15', '9', '2026-05-15', 28.00, 'completed'),
       ('16', '10', '2026-05-16', 320.00, 'completed'),
       ('17', '10', '2026-05-17', 55.00, 'cancelled'),
       ('18', '1', '2026-05-18', 1970.50, 'completed'),
       ('19', '2', '2026-05-19', 1344.00, 'pending'),
       ('20', '6', '2026-05-20', 1042.00, 'completed');

-- ========================================
-- 订单明细（quantity * unit_price = orders.total_amount 对账）
-- ========================================

INSERT INTO order_items (id, order_id, product_id, quantity, unit_price)
VALUES
       -- 订单 1 (total=6551.00)
       ('oi-01', '1', '1', 1, 3250.00),    -- 笔记本电脑
       ('oi-02', '1', '7', 1, 1299.00),    -- 显示器
       ('oi-03', '1', '12', 1, 2002.00),   -- 冬季外套
       -- 订单 2 (total=1500.00)
       ('oi-04', '2', '5', 1, 200.00),     -- 工装
       ('oi-05', '2', '7', 1, 1300.00),    -- 显示器
       -- 订单 3 (total=108.75)
       ('oi-06', '3', '11', 2, 28.00),     -- 唐诗三百首 × 2
       ('oi-07', '3', '9', 1, 35.00),      -- 红楼梦
       ('oi-08', '3', '15', 1, 17.75),     -- 保温杯
       -- 订单 4 (total=350.25)
       ('oi-09', '4', '6', 1, 299.00),     -- 机械键盘
       ('oi-10', '4', '2', 1, 25.50),      -- 鼠标
       ('oi-11', '4', '8', 1, 25.75),      -- USB集线器
       -- 订单 5 (total=350.25, cancelled)
       ('oi-12', '5', '12', 1, 200.00),    -- 冬季外套
       ('oi-13', '5', '13', 1, 150.25),    -- 运动鞋
       -- 订单 6 (total=299.00)
       ('oi-14', '6', '6', 1, 299.00),     -- 机械键盘
       -- 订单 7 (total=1344.00)
       ('oi-15', '7', '7', 1, 1299.00),    -- 显示器
       ('oi-16', '7', '8', 1, 45.00),      -- USB集线器
       -- 订单 8 (total=75.00)
       ('oi-17', '8', '3', 1, 75.00),      -- 键盘
       -- 订单 9 (total=650.00)
       ('oi-18', '9', '5', 1, 200.00),     -- 工装
       ('oi-19', '9', '12', 1, 450.00),    -- 冬季外套
       -- 订单 10 (total=650.00)
       ('oi-20', '10', '13', 1, 320.00),   -- 运动鞋
       ('oi-21', '10', '14', 1, 89.00),    -- 台灯
       ('oi-22', '10', '10', 1, 241.00),   -- 三国演义
       -- 订单 11 (total=89.00)
       ('oi-23', '11', '14', 1, 89.00),    -- 台灯
       -- 订单 12 (total=45.00)
       ('oi-24', '12', '8', 1, 45.00),     -- USB集线器
       -- 订单 13 (total=3250.00)
       ('oi-25', '13', '1', 1, 3250.00),   -- 笔记本电脑
       -- 订单 14 (total=732.25)
       ('oi-26', '14', '7', 1, 700.00),    -- 显示器
       ('oi-27', '14', '9', 1, 32.25),     -- 红楼梦
       -- 订单 15 (total=28.00)
       ('oi-28', '15', '11', 1, 28.00),    -- 唐诗三百首
       -- 订单 16 (total=320.00)
       ('oi-29', '16', '13', 1, 320.00),   -- 运动鞋
       -- 订单 17 (total=55.00)
       ('oi-30', '17', '15', 1, 55.00),    -- 保温杯
       -- 订单 18 (total=1970.50)
       ('oi-31', '18', '7', 1, 1299.00),   -- 显示器
       ('oi-32', '18', '13', 1, 320.00),   -- 运动鞋
       ('oi-33', '18', '10', 1, 351.50),   -- 三国演义
       -- 订单 19 (total=1344.00)
       ('oi-34', '19', '7', 1, 1299.00),   -- 显示器
       ('oi-35', '19', '8', 1, 45.00),     -- USB集线器
       -- 订单 20 (total=1042.00)
       ('oi-36', '20', '13', 1, 320.00),   -- 运动鞋
       ('oi-37', '20', '7', 1, 700.00),    -- 显示器
       ('oi-38', '20', '3', 1, 22.00);     -- 键盘

-- ========================================
-- 商品分类数据（树形结构）
-- ========================================

INSERT INTO product_categories (id, name, parent_id, sort)
VALUES ('cat-01', '电子产品', NULL, 1),
       ('cat-02', '图书', NULL, 2),
       ('cat-03', '服装', NULL, 3),
       ('cat-04', '家居用品', NULL, 4),
       ('cat-05', '食品', NULL, 5),
       ('cat-01-01', '电脑整机', 'cat-01', 1),
       ('cat-01-02', '电脑配件', 'cat-01', 2),
       ('cat-01-03', '手机通讯', 'cat-01', 3),
       ('cat-02-01', '文学小说', 'cat-02', 1),
       ('cat-02-02', '人文社科', 'cat-02', 2),
       ('cat-02-03', '教育考试', 'cat-02', 3),
       ('cat-03-01', '男装女装', 'cat-03', 1),
       ('cat-03-02', '鞋靴箱包', 'cat-03', 2),
       ('cat-03-03', '运动户外', 'cat-03', 3),
       ('cat-04-01', '厨房用品', 'cat-04', 1),
       ('cat-04-02', '家纺床品', 'cat-04', 2),
       ('cat-05-01', '休闲零食', 'cat-05', 1),
       ('cat-05-02', '饮料冲调', 'cat-05', 2);

-- ========================================
-- 支付记录
-- ========================================

INSERT INTO payments (id, order_id, pay_method, pay_status, amount, pay_time, transaction_no)
VALUES ('pay-01', '1', 'alipay', 'paid', 6551.00, '2026-05-01 10:30:00', 'ALIPAY202605010001'),
       ('pay-02', '2', 'wechat', 'paid', 1500.00, '2026-05-02 14:20:00', 'WX202605020001'),
       ('pay-03', '3', 'alipay', 'paid', 108.75, '2026-05-03 09:15:00', 'ALIPAY202605030001'),
       ('pay-04', '4', 'bank_card', 'paid', 350.25, '2026-05-04 16:00:00', 'BC202605040001'),
       ('pay-05', '5', 'alipay', 'refunded', 350.25, '2026-05-05 11:00:00', 'ALIPAY202605050001'),
       ('pay-06', '6', 'wechat', 'paid', 299.00, '2026-05-06 08:30:00', 'WX202605060001'),
       ('pay-07', '7', 'alipay', 'unpaid', 1344.00, NULL, NULL),
       ('pay-08', '8', 'wechat', 'paid', 75.00, '2026-05-08 20:00:00', 'WX202605080001'),
       ('pay-09', '9', 'bank_card', 'paid', 650.00, '2026-05-09 12:30:00', 'BC202605090001'),
       ('pay-10', '10', 'alipay', 'paid', 650.00, '2026-05-10 15:45:00', 'ALIPAY202605100001'),
       ('pay-11', '11', 'wechat', 'paid', 89.00, '2026-05-11 09:00:00', 'WX202605110001'),
       ('pay-12', '12', 'alipay', 'refunded', 45.00, '2026-05-12 10:00:00', 'ALIPAY202605120001'),
       ('pay-13', '13', 'bank_card', 'paid', 3250.00, '2026-05-13 14:00:00', 'BC202605130001'),
       ('pay-14', '14', 'alipay', 'unpaid', 732.25, NULL, NULL),
       ('pay-15', '15', 'wechat', 'paid', 28.00, '2026-05-15 18:30:00', 'WX202605150001'),
       ('pay-16', '16', 'alipay', 'paid', 320.00, '2026-05-16 11:00:00', 'ALIPAY202605160001'),
       ('pay-17', '17', 'wechat', 'refunded', 55.00, '2026-05-17 16:00:00', 'WX202605170001'),
       ('pay-18', '18', 'bank_card', 'paid', 1970.50, '2026-05-18 20:00:00', 'BC202605180001'),
       ('pay-19', '19', 'alipay', 'unpaid', 1344.00, NULL, NULL),
       ('pay-20', '20', 'wechat', 'paid', 1042.00, '2026-05-20 10:30:00', 'WX202605200001');

-- ========================================
-- 用户地址
-- ========================================

INSERT INTO user_addresses (id, user_id, receiver_name, phone, province, city, district, detail_address, is_default)
VALUES ('addr-01', '1', 'Alice', '13800000001', '北京市', '北京市', '朝阳区', '建国路88号SOHO现代城A座1201', TRUE),
       ('addr-02', '1', 'Alice（公司）', '13800000001', '北京市', '北京市', '海淀区', '中关村大街1号海龙大厦8层', FALSE),
       ('addr-03', '2', 'Bob', '13800000002', '上海市', '上海市', '浦东新区', '陆家嘴环路1000号恒生银行大厦1501', TRUE),
       ('addr-04', '3', 'Charlie', '13800000003', '广东省', '深圳市', '南山区', '科技园南区高新南一道9号', TRUE),
       ('addr-05', '4', 'David', '13800000004', '浙江省', '杭州市', '西湖区', '文三路478号华星科技大厦18层', TRUE),
       ('addr-06', '5', 'Eve', '13800000005', '江苏省', '南京市', '鼓楼区', '中山路120号新街口国际广场', TRUE),
       ('addr-07', '5', 'Eve（家）', '13800000005', '江苏省', '南京市', '建邺区', '江东中路311号中泰国际广场', FALSE),
       ('addr-08', '6', 'Frank', '13800000006', '四川省', '成都市', '武侯区', '天府大道北段1700号环球中心', TRUE),
       ('addr-09', '7', 'Grace', '13800000007', '湖北省', '武汉市', '洪山区', '光谷大道77号光谷金融港', TRUE),
       ('addr-10', '8', 'Henry', '13800000008', '陕西省', '西安市', '雁塔区', '科技路48号创业广场B座', TRUE),
       ('addr-11', '9', 'Iris', '13800000009', '重庆市', '重庆市', '渝北区', '金开大道68号赛力大厦', TRUE),
       ('addr-12', '10', 'Jack', '13800000010', '广东省', '广州市', '天河区', '体育西路191号中石化大厦', TRUE);

-- ========================================
-- 库存数据
-- ========================================

INSERT INTO inventory (product_id, stock, min_stock, updated_at)
VALUES ('1', 50, 5, '2026-05-20 12:00:00'),
       ('2', 200, 20, '2026-05-20 12:00:00'),
       ('3', 150, 15, '2026-05-20 12:00:00'),
       ('4', 300, 30, '2026-05-20 12:00:00'),
       ('5', 80, 10, '2026-05-20 12:00:00'),
       ('6', 60, 10, '2026-05-20 12:00:00'),
       ('7', 30, 5, '2026-05-20 12:00:00'),
       ('8', 500, 50, '2026-05-20 12:00:00'),
       ('9', 100, 10, '2026-05-20 12:00:00'),
       ('10', 120, 15, '2026-05-20 12:00:00'),
       ('11', 80, 10, '2026-05-20 12:00:00'),
       ('12', 40, 5, '2026-05-20 12:00:00'),
       ('13', 90, 10, '2026-05-20 12:00:00'),
       ('14', 160, 20, '2026-05-20 12:00:00'),
       ('15', 250, 25, '2026-05-20 12:00:00');

-- ========================================
-- 订单物流
-- ========================================

INSERT INTO order_logistics (id, order_id, tracking_no, carrier, logistics_status, ship_time, receive_time)
VALUES ('log-01', '1', 'SF1234567890', '顺丰快递', 'in_transit', '2026-05-02 09:00:00', NULL),
       ('log-02', '2', 'SF1234567891', '顺丰快递', 'received', '2026-05-03 10:00:00', '2026-05-05 14:30:00'),
       ('log-03', '3', 'YTO987654321', '圆通快递', 'received', '2026-05-04 08:00:00', '2026-05-06 16:00:00'),
       ('log-04', '4', 'ZTO555666777', '中通快递', 'received', '2026-05-05 11:00:00', '2026-05-07 10:00:00'),
       ('log-05', '5', 'YTO987654322', '圆通快递', 'received', '2026-05-06 09:00:00', '2026-05-08 15:00:00'),
       ('log-06', '6', 'SF1234567892', '顺丰快递', 'received', '2026-05-07 10:00:00', '2026-05-09 11:00:00'),
       ('log-07', '7', 'SF1234567893', '顺丰快递', 'pending', NULL, NULL),
       ('log-08', '8', 'YTO987654323', '圆通快递', 'received', '2026-05-09 08:00:00', '2026-05-11 14:00:00'),
       ('log-09', '9', 'ZTO555666778', '中通快递', 'received', '2026-05-10 09:00:00', '2026-05-12 16:00:00'),
       ('log-10', '10', 'SF1234567894', '顺丰快递', 'shipped', '2026-05-11 10:00:00', NULL),
       ('log-11', '11', 'YTO987654324', '圆通快递', 'received', '2026-05-12 08:00:00', '2026-05-14 12:00:00'),
       ('log-12', '12', 'ZTO555666779', '中通快递', 'received', '2026-05-13 09:00:00', '2026-05-15 10:00:00'),
       ('log-13', '13', 'SF1234567895', '顺丰快递', 'received', '2026-05-14 10:00:00', '2026-05-16 15:00:00'),
       ('log-14', '14', 'SF1234567896', '顺丰快递', 'pending', NULL, NULL),
       ('log-15', '15', 'YTO987654325', '圆通快递', 'received', '2026-05-16 08:00:00', '2026-05-18 11:00:00'),
       ('log-16', '16', 'ZTO555666780', '中通快递', 'received', '2026-05-17 09:00:00', '2026-05-19 14:00:00'),
       ('log-17', '17', 'YTO987654326', '圆通快递', 'received', '2026-05-18 08:00:00', '2026-05-20 10:00:00'),
       ('log-18', '18', 'SF1234567897', '顺丰快递', 'received', '2026-05-19 10:00:00', '2026-05-21 16:00:00'),
       ('log-19', '19', 'SF1234567898', '顺丰快递', 'pending', NULL, NULL),
       ('log-20', '20', 'ZTO555666781', '中通快递', 'received', '2026-05-21 09:00:00', '2026-05-23 11:00:00');

-- ========================================
-- 商品评价
-- ========================================

INSERT INTO product_reviews (id, order_id, product_id, user_id, rating, content, created_at)
VALUES ('rev-01', '2', '5', '1', '5', '质量不错，版型很好，值得推荐！', '2026-05-06 20:00:00'),
       ('rev-02', '3', '4', '2', '4', '内容很经典，价格实惠', '2026-05-07 15:00:00'),
       ('rev-03', '4', '2', '3', '3', '手感一般，但这个价位也就这样了', '2026-05-08 18:00:00'),
       ('rev-04', '4', '3', '3', '4', '打字手感还可以', '2026-05-08 18:30:00'),
       ('rev-05', '6', '6', '4', '5', '机械键盘手感太好了！青轴段落感很强', '2026-05-08 22:00:00'),
       ('rev-06', '8', '3', '5', '4', '入门级键盘，性价比不错', '2026-05-12 10:00:00'),
       ('rev-07', '9', '10', '5', '5', '三国演义经典必读，印刷清晰', '2026-05-13 09:00:00'),
       ('rev-08', '9', '4', '5', '4', '和三国演义一起买，两本都不错', '2026-05-13 09:30:00'),
       ('rev-09', '11', '14', '7', '4', '护眼台灯，亮度可调，很好用', '2026-05-15 20:00:00'),
       ('rev-10', '13', '1', '8', '5', '性能强劲，运行流畅，非常满意！', '2026-05-17 21:00:00'),
       ('rev-11', '15', '11', '9', '3', '唐诗三百首选编有点少，希望下次多些', '2026-05-19 14:00:00'),
       ('rev-12', '16', '13', '10', '4', '运动鞋穿着舒服，尺码标准', '2026-05-20 16:00:00'),
       ('rev-13', '18', '7', '1', '5', '显示器色彩很正，办公看电影都舒服', '2026-05-22 19:00:00'),
       ('rev-14', '18', '2', '1', '4', '鼠标手感还行，就是线有点短', '2026-05-22 19:30:00'),
       ('rev-15', '20', '5', '6', '4', '工装面料不错，做工精细', '2026-05-24 10:00:00'),
       ('rev-16', '20', '3', '6', '5', '键盘质量很好，第二次购买了', '2026-05-24 10:30:00');

-- ========================================
-- 认证数据
-- ========================================

-- 添加管理员用户
INSERT INTO users (id, username, password, enabled, category)
VALUES ('admin-001', 'admin', 'admin123', TRUE, 'admin');

-- 添加角色
INSERT INTO sql_forge_role (id, name, description)
VALUES ('user', '普通用户', '普通用户，具有基本的权限');

-- 添加用户角色
INSERT INTO sql_forge_user_role (user_id, role_id)
VALUES ('1', 'user'),
       ('2', 'user'),
       ('3', 'user'),
       ('4', 'user'),
       ('5', 'user'),
       ('6', 'user'),
       ('7', 'user'),
       ('8', 'user'),
       ('9', 'user'),
       ('10', 'user');

-- 添加角色模板
INSERT INTO sql_forge_role_template (role_id, template_id)
VALUES ('user', 'amis-template-dicts'),
       ('user', 'amis-template-products'),
       ('user', 'amis-template-orders'),
       ('user', 'amis-template-order-items'),
       ('user', 'amis-template-order-overview'),
       ('user', 'amis-template-payments'),
       ('user', 'amis-template-user-addresses'),
       ('user', 'amis-template-inventory'),
       ('user', 'amis-template-order-logistics'),
       ('user', 'amis-template-product-categories'),
       ('user', 'amis-template-product-reviews');
